{"validation_accuracy":0.2726791387222026,"test_accuracy":0.27020825979527,"_runtime":16.389476008,"_step":339,"_wandb":{"runtime":16},"loss":1.7717913389205933,"train_accuracy":0.3910856134157105,"epoch":339,"_timestamp":1.7317022930941935e+09}