{"test_accuracy":0.7446808510638298,"_runtime":65.537527728,"_step":129,"epoch":130,"_wandb":{"runtime":65},"validation_accuracy":0.7446808510638298,"loss":5.1921539306640625,"train_accuracy":0.7553191489361702,"_timestamp":1.7317720492178907e+09}