{"_wandb":{"runtime":43},"_runtime":43.027520824,"epoch":149,"train_accuracy":0.36,"test_accuracy":0.3,"_step":148,"_timestamp":1.7316857928421211e+09,"loss":47.04701232910156,"validation_accuracy":0.32666666666666666}