{"test_accuracy":0.8085106382978723,"_wandb":{"runtime":12},"loss":4.456402778625488,"train_accuracy":0.7872340425531915,"validation_accuracy":0.574468085106383,"_step":123,"_timestamp":1.731685261776082e+09,"_runtime":12.64378652,"epoch":124}