{"validation_accuracy":0.5,"test_accuracy":0.492,"train_accuracy":0.504,"_wandb":{"runtime":48},"_timestamp":1.7316869479418378e+09,"epoch":102,"_step":101,"_runtime":48.480048244,"loss":34.654624938964844}