{"_wandb":{"runtime":244},"test_accuracy":0.22,"validation_accuracy":0.17333333333333334,"loss":52.0308952331543,"train_accuracy":0.24333333333333335,"_timestamp":1.731773224679207e+09,"_runtime":244.469226819,"_step":124,"epoch":125}