{"_step":323,"loss":1.7614134550094604,"train_accuracy":0.39620476610767874,"validation_accuracy":0.2779738792799153,"_wandb":{"runtime":17},"_timestamp":1.7317022518961866e+09,"epoch":323,"test_accuracy":0.2783268619837628,"_runtime":17.851264226}