{"_timestamp":1.7316852322648485e+09,"train_accuracy":0.7553191489361702,"loss":5.275017261505127,"_wandb":{"runtime":14},"_step":129,"validation_accuracy":0.7446808510638298,"test_accuracy":0.7872340425531915,"_runtime":14.191061413,"epoch":130}