{"validation_accuracy":0.30666666666666664,"_runtime":38.289590501,"train_accuracy":0.43,"epoch":132,"_step":131,"loss":43.91238784790039,"_wandb":{"runtime":38},"test_accuracy":0.35333333333333333,"_timestamp":1.7316857480028086e+09}