{"_wandb":{"runtime":55},"_runtime":55.769582048,"epoch":105,"_timestamp":1.731685908099685e+09,"_step":104,"train_accuracy":0.7284172661870504,"validation_accuracy":0.7302158273381295,"test_accuracy":0.7240143369175627,"loss":30.91523551940918}