{"epoch":151,"_timestamp":1.7317704169219358e+09,"_step":150,"train_mae":0.31999552011171917,"_wandb":{"runtime":228},"_runtime":228.36980127,"validation_mae":0.313555411262504,"test_mae":0.32625453456028086,"loss":29.144426345825195}