{"test_accuracy":0.723404255319149,"train_accuracy":0.7446808510638298,"loss":5.081658840179443,"_wandb":{"runtime":37},"validation_accuracy":0.7446808510638298,"_step":130,"_runtime":37.212171083,"_timestamp":1.7317716232014484e+09,"epoch":131}