{"validation_accuracy":0.19333333333333333,"_step":109,"epoch":110,"loss":50.96408462524414,"test_accuracy":0.20666666666666667,"_runtime":170.168217765,"train_accuracy":0.26666666666666666,"_timestamp":1.7317726013869748e+09,"_wandb":{"runtime":170}}