{"_wandb":{"runtime":47},"epoch":102,"train_accuracy":0.504,"loss":34.038021087646484,"validation_accuracy":0.516,"_step":101,"_timestamp":1.7316870473117962e+09,"test_accuracy":0.476,"_runtime":47.833361673}