{"_wandb":{"runtime":69},"_runtime":69.04449467,"loss":30.5585994720459,"train_accuracy":0.7284172661870504,"test_accuracy":0.6953405017921147,"epoch":129,"_timestamp":1.7316861112913837e+09,"_step":128,"validation_accuracy":0.7338129496402878}