{"_timestamp":1.7316856433738103e+09,"_step":244,"train_accuracy":0.4533333333333333,"loss":42.195960998535156,"validation_accuracy":0.32,"_wandb":{"runtime":69},"test_accuracy":0.3333333333333333,"epoch":245,"_runtime":69.249698145}