{"_wandb":{"runtime":50},"loss":34.174461364746094,"_timestamp":1.7316865861339712e+09,"test_accuracy":0.524,"train_accuracy":0.504,"validation_accuracy":0.468,"_step":101,"epoch":102,"_runtime":50.560412894}