{"_runtime":47.393233708,"_step":101,"validation_accuracy":0.488,"test_accuracy":0.492,"epoch":102,"train_accuracy":0.51,"loss":34.33268356323242,"_wandb":{"runtime":47},"_timestamp":1.7316866358704557e+09}