{"_wandb":{"runtime":1764},"train_mae":0.8259492937088013,"validation_mae":0.8491790313720703,"_timestamp":1.7317026774612591e+09,"loss":70.38748168945312,"_runtime":1764.346168485,"epoch":151,"_step":1509,"test_mae":0.8761092410087585}