{"_timestamp":1.7316852473583515e+09,"train_accuracy":0.8085106382978723,"_runtime":13.379978177,"_step":130,"loss":4.519083499908447,"_wandb":{"runtime":13},"validation_accuracy":0.6595744680851063,"test_accuracy":0.7659574468085106,"epoch":131}