{"validation_accuracy":0.7230215827338129,"_step":121,"loss":30.025428771972656,"test_accuracy":0.7383512544802867,"_runtime":65.824359802,"_wandb":{"runtime":65},"_timestamp":1.7316863221107757e+09,"train_accuracy":0.7212230215827338,"epoch":122}