{"_wandb":{"runtime":55},"_step":185,"validation_accuracy":0.2866666666666667,"loss":45.2297248840332,"_runtime":55.973419504,"epoch":186,"train_accuracy":0.39666666666666667,"test_accuracy":0.35333333333333333,"_timestamp":1.7316858505868266e+09}